{
    "background": false,                            // true to run the cc-server in the background (no console)
    "colors": true,                                 // false to disable colored output
    "log-file": null,                               // log all output to a file
    "syslog": false,                                // use system log for output messages
    "cc-server": {
        "port": 3344,                               // port the CC Server will listens on
        "use-tls" : false,                          // use tls for CC communication (needs to be enabled on miners too)
        "cert-file" : "server.pem",                 // when tls is turned on, use this to point to the right cert file
        "key-file" : "server.key",                  // when tls is turned on, use this to point to the right key file
        "access-token": "1234",                 // access token for CC Clients (should be set!!!)
        "user": "admin",                            // admin user for access CC Dashboard
        "pass": "pass",                             // admin pass for access CC Dashboard
        "client-config-folder" : null,              // folder which contains the client-config files (null=current)
        "custom-dashboard" : "index.html"           // dashboard html file
    }
}
